Page URL,Content Type,Match Detail,Context
https://www.uagc.edu/blog/ma-vs-ms-psychology-whats-difference,Phrase,Classes last * weeks,MA vs MS in Psychology: Key Differences Explained Skip to main content Online Degrees Online Degrees All Online Degrees Degrees By Level Degrees By Level Bachelor's Master's Doctor
https://www.uagc.edu/military,Phrase,Classes last * weeks,Military Programs Online | UAGC Flexible Degrees for Vets Skip to main content Online Degrees Online Degrees All Online Degrees Degrees By Level Degrees By Level Bachelor's Master'
https://www.uagc.edu/military/admissions/general-education-mobile,Phrase,Classes last * weeks,General Education Mobile Program for Military | UAGC Skip to main content Online Degrees Online Degrees All Online Degrees Degrees By Level Degrees By Level Bachelor's Master's Doc
https://www.uagc.edu/military/admissions/au-abc-gem,Phrase,Classes last * weeks,au abc gem Program Requirements | UAGC Military Admissions Skip to main content Online Degrees Online Degrees All Online Degrees Degrees By Level Degrees By Level Bachelor's Master
https://www.uagc.edu/success/degree/master-human-resource-management-v5,Phrase,Classes last * weeks,Human Resource Management MA | UAGC Skip to main content + 1 866 347 7781 Get Human Resource Management Details Please provide a few details First Name Last Name Phone Email State
https://www.uagc.edu/partnerships/corporate/bright-horizons,Phrase,Classes last * weeks,Bright Horizons Tuition Savings for Employees | UAGC Skip to main content +1 855 805 6911 Request Information About Our Degrees Please provide a few details First Name Last Name Ph
https://www.uagc.edu/blog/ma-vs-ms-psychology-whats-difference?chat=default,Phrase,Classes last * weeks,MA vs MS in Psychology: Key Differences Explained Skip to main content Online Degrees Online Degrees All Online Degrees Degrees By Level Degrees By Level Bachelor's Master's Doctor
https://www.uagc.edu/success/degree/ba-health-human-services-v5,Phrase,Classes last * weeks,Health & Human Services | UAGC Skip to main content + 1 866 347 7781 Get Health and Human Services Details Please provide a few details First Name Last Name Phone Email State Selec
https://www.uagc.edu/partnerships/corporate/bright-horizons-payment-option-breakdown,Phrase,Classes last * weeks,Bright Horizons Tuition Savings for Employees | UAGC Skip to main content +1 855 805 6911 Request Information About Our Degrees Please provide a few details First Name Last Name Ph
https://www.uagc.edu/partnerships/corporate/golden-key,Phrase,Classes last * weeks,Golden Key Tuition Benefits & Online Degrees | UAGC Skip to main content +1 855 805 6911 Request Information About Our Degrees Please provide a few details First Name Last Name Pho
https://www.uagc.edu/partnerships/corporate/southwest,Phrase,Classes last * weeks,Southwest Airlines Employees: Tuition Benefits at UAGC Skip to main content +1 855 805 6911 Request Information About Our Degrees Please provide a few details First Name Last Name
https://www.uagc.edu/tuition-financial-aid/education-partnerships/alpla,Phrase,Classes last * weeks,Alpla Employees: Online Degree Opportunities at UAGC Skip to main content +1 855 805 6911 Request Information About Our Degrees Please provide a few details First Name Last Name Ph
https://www.uagc.edu/tuition-financial-aid/education-partnerships/hdsupply,Phrase,Classes last * weeks,HD Supply: Unlock Your Future with UAGC Tuition Benefits Skip to main content +1 855 805 6911 Request Information About Our Degrees Please provide a few details First Name Last Nam
https://www.uagc.edu/partnerships/corporate/smud,Phrase,Classes last * weeks,SMUD Employees: Earn Your Degree Online at UAGC Skip to main content +1 855 805 6911 Request Information About Our Degrees Please provide a few details First Name Last Name Phone E
https://www.uagc.edu/partnerships/corporate/farmers,Phrase,Classes last * weeks,Farmers Employees: Earn Your Degree Online at UAGC Skip to main content +1 855 805 6911 Request Information About Our Degrees Please provide a few details First Name Last Name Phon
https://www.uagc.edu/partnerships/corporate/common-spirit,Phrase,Classes last * weeks,Common Spirit Tuition Assistance | UAGC Online Degrees Skip to main content +1 855 805 6911 Request Information About Our Degrees Please provide a few details First Name Last Name
https://www.uagc.edu/partnerships/corporate/banner-health,Phrase,Classes last * weeks,Banner Health Tuition Savings & Online Degrees | UAGC Skip to main content +1 855 805 6911 Request Information About Our Degrees Please provide a few details First Name Last Name P
https://www.uagc.edu/partnerships/corporate/t-mobile,Phrase,Classes last * weeks,T Mobile Employee Tuition Savings & Online Degrees | UAGC Skip to main content +1 855 805 6911 Request Information About Our Degrees Please provide a few details First Name Last Na
https://www.uagc.edu/partnerships/corporate/munich-re-americas,Phrase,Classes last * weeks,Munich Re Americas Tuition Savings | UAGC Online Degrees Skip to main content +1 855 805 6911 Request Information About Our Degrees Please provide a few details First Name Last Nam
https://www.uagc.edu/partnerships/corporate/walgreens,Phrase,Classes last * weeks,Walgreens Team Members Tuition Savings | UAGC Online Degrees Skip to main content +1 855 805 6911 Request Information About Our Degrees Please provide a few details First Name Last
https://www.uagc.edu/partnerships/corporate/edward-jones,Phrase,Classes last * weeks,Edward Jones Tuition Savings & Online Degrees | UAGC Skip to main content +1 855 805 6911 Request Information About Our Degrees Please provide a few details First Name Last Name Ph
https://www.uagc.edu/partnerships/corporate/head-start,Phrase,Classes last * weeks,Head Start Tuition Benefit Program | UAGC Online Degrees Skip to main content +1 855 805 6911 Request Information About Our Degrees Please provide a few details First Name Last Nam
https://www.uagc.edu/partnerships/corporate/usps,Phrase,Classes last * weeks,USPS Tuition Savings – Earn Online Degrees at UAGC Skip to main content +1 855 805 6911 Request Information About Our Degrees Please provide a few details First Name Last Name Phon
https://www.uagc.edu/partnerships/corporate/carrington-holding,Phrase,Classes last * weeks,Carrington Holding Tuition Savings | UAGC Degree Programs Skip to main content +1 855 805 6911 Request Information About Our Degrees Please provide a few details First Name Last Na
https://www.uagc.edu/partnerships/corporate/jbhunttransport,Phrase,Classes last * weeks,jbhunttransport Tuition Savings & Online Degrees at UAGC Skip to main content +1 855 805 6911 Request Information About Our Degrees Please provide a few details First Name Last Nam
https://www.uagc.edu/partnerships/corporate/cdw,Phrase,Classes last * weeks,CDW: Online Degree Programs for Career Advancement Skip to main content +1 855 805 6911 Request Information About Our Degrees Please provide a few details First Name Last Name Phon
https://www.uagc.edu/military?chat=default,Phrase,Classes last * weeks,Military Programs Online | UAGC Flexible Degrees for Vets Skip to main content Online Degrees Online Degrees All Online Degrees Degrees By Level Degrees By Level Bachelor's Master'
https://www.uagc.edu/military/admission/general-education-mobile,Phrase,Classes last * weeks,General Education Mobile Program for Military | UAGC Skip to main content Online Degrees Online Degrees All Online Degrees Degrees By Level Degrees By Level Bachelor's Master's Doc
https://www.uagc.edu/military/admission/au-abc-gem,Phrase,Classes last * weeks,au abc gem Program Requirements | UAGC Military Admissions Skip to main content Online Degrees Online Degrees All Online Degrees Degrees By Level Degrees By Level Bachelor's Master
https://www.uagc.edu/military/admissions/general-education-mobile?chat=default,Phrase,Classes last * weeks,General Education Mobile Program for Military | UAGC Skip to main content Online Degrees Online Degrees All Online Degrees Degrees By Level Degrees By Level Bachelor's Master's Doc
https://www.uagc.edu/military/admissions/au-abc-gem?chat=default,Phrase,Classes last * weeks,au abc gem Program Requirements | UAGC Military Admissions Skip to main content Online Degrees Online Degrees All Online Degrees Degrees By Level Degrees By Level Bachelor's Master
https://www.uagc.edu/partnerships/corporate/kindercare,Phrase,Classes last * weeks,KinderCare: Earn Your Degree Online at UAGC Skip to main content +1 855 805 6911 Request Information About Our Degrees Please provide a few details First Name Last Name Phone Email
https://www.uagc.edu/partnerships/corporate/head-start-region-iv,Phrase,Classes last * weeks,Head Start Region IV: Online Degree Opportunities at UAGC Skip to main content +1 855 805 6911 Request Information About Our Degrees Please provide a few details First Name Last Na
https://www.uagc.edu/success/online-college-courses-v5,Phrase,Classes last * weeks,Online College Courses | UAGC Skip to main content + 1 866 347 7781 Request More Information Please provide a few details First Name Last Name Phone Email State Select State Alabam
https://www.uagc.edu/partnerships/corporate/zurich,Phrase,Classes last * weeks,Zurich North America Education Opportunities at UAGC Skip to main content +1 855 805 6911 Request Information About Our Degrees Please provide a few details First Name Last Name Ph
https://www.uagc.edu/partnerships/corporate/ddc,Phrase,Classes last * weeks,DDC Employees: Earn Your Degree Online at UAGC Skip to main content +1 855 805 6911 Request Information About Our Degrees Please provide a few details First Name Last Name Phone Em
https://www.uagc.edu/partnerships/corporate/sheetz,Phrase,Classes last * weeks,Sheetz Employees: Earn Your Degree Online at UAGC Skip to main content +1 855 805 6911 Request Information About Our Degrees Please provide a few details First Name Last Name Phone
https://www.uagc.edu/partnerships/corporate/msc,Phrase,Classes last * weeks,MSC Opportunities: Earn Your Degree Online at UAGC Skip to main content +1 855 805 6911 Request Information About Our Degrees Please provide a few details First Name Last Name Phon
https://www.uagc.edu/partnerships/corporate/alpla,Phrase,Classes last * weeks,Alpla Employees: Online Degree Opportunities at UAGC Skip to main content +1 855 805 6911 Request Information About Our Degrees Please provide a few details First Name Last Name Ph
https://www.uagc.edu/partnerships/corporate/hd-supply,Phrase,Classes last * weeks,HD Supply: Unlock Your Future with UAGC Tuition Benefits Skip to main content +1 855 805 6911 Request Information About Our Degrees Please provide a few details First Name Last Nam
https://www.uagc.edu/partnerships/corporate/lumen,Phrase,Classes last * weeks,Lumen Opportunities: Earn Your Degree Online at UAGC Skip to main content +1 855 805 6911 Request Information About Our Degrees Please provide a few details First Name Last Name Ph
https://www.uagc.edu/military/admission/general-education-mobile?chat=default,Phrase,Classes last * weeks,General Education Mobile Program for Military | UAGC Skip to main content Online Degrees Online Degrees All Online Degrees Degrees By Level Degrees By Level Bachelor's Master's Doc
https://www.uagc.edu/military/admission/au-abc-gem?chat=default,Phrase,Classes last * weeks,au abc gem Program Requirements | UAGC Military Admissions Skip to main content Online Degrees Online Degrees All Online Degrees Degrees By Level Degrees By Level Bachelor's Master
https://www.uagc.edu/partnerships/corporate/cox,Phrase,Classes last * weeks,Cox Employees: Online Degree Opportunities at UAGC Skip to main content +1 855 805 6911 Request Information About Our Degrees Please provide a few details First Name Last Name Phon
https://www.uagc.edu/success/programs/liberal-arts-v6,Phrase,Classes last * weeks,Liberal Arts Program | UAGC Skip to main content + 1 866 347 7781 Request More Information Please provide a few details First Name Last Name Phone Email State Select State Alabama
https://www.uagc.edu/success/degree/ba-finance-v5,Phrase,Classes last * weeks,Finance BA | UAGC Skip to main content + 1 866 347 7781 Get Finance Details Please provide a few details First Name Last Name Phone Email State Select State Alabama Alaska American
https://www.uagc.edu/success/degree/ba-accounting-v5,Phrase,Classes last * weeks,Accounting BA | UAGC Skip to main content + 1 866 347 7781 Get Accounting Details Please provide a few details First Name Last Name Phone Email State Select State Alabama Alaska Am
https://www.uagc.edu/success/degree/ms-finance-v5,Phrase,Classes last * weeks,Master of Science in Finance | UAGC Skip to main content + 1 866 347 7781 Get Finance Details Please provide a few details First Name Last Name Phone Email State Select State Alaba
https://www.uagc.edu/success/degree/ba-human-resource-management-v5,Phrase,Classes last * weeks,Human Resource Management | UAGC Skip to main content + 1 866 347 7781 Get Human Resource Management Details Please provide a few details First Name Last Name Phone Email State Sel
https://www.uagc.edu/success/degree/ba-marketing-v5,Phrase,Classes last * weeks,Marketing | UAGC Skip to main content + 1 866 347 7781 Get Marketing Details Please provide a few details First Name Last Name Phone Email State Select State Alabama Alaska America
https://www.uagc.edu/success/degree/ba-operations-management-analysis-v5,Phrase,Classes last * weeks,Operations Management & Analysis | UAGC Skip to main content + 1 866 347 7781 Get Operations Management Analysis Details Please provide a few details First Name Last Name Phone Ema
https://www.uagc.edu/success/degree/master-of-accountancy-v5,Phrase,Classes last * weeks,Accounting MA | UAGC Skip to main content + 1 866 347 7781 Get Accounting Details Please provide a few details First Name Last Name Phone Email State Select State Alabama Alaska Am
https://www.uagc.edu/success/degree/ba-organizational-management-v5,Phrase,Classes last * weeks,Organizational Management | UAGC Skip to main content + 1 866 347 7781 Get Organizational Management Details Please provide a few details First Name Last Name Phone Email State Sel
https://www.uagc.edu/success/programs/liberal-arts-v5,Phrase,Classes last * weeks,Liberal Arts Program | UAGC Skip to main content + 1 866 347 7781 Request More Information Please provide a few details First Name Last Name Phone Email State Select State Alabama
https://www.uagc.edu/success/degree/ba-business-administration-v5,Phrase,Classes last * weeks,Business Administration BA | UAGC Skip to main content + 1 866 347 7781 Get Business Administration Details Please provide a few details First Name Last Name Phone Email State Sele
https://www.uagc.edu/success/degree/ba-project-management-v5,Phrase,Classes last * weeks,Project Management | UAGC Skip to main content + 1 866 347 7781 Get Project Management Details Please provide a few details First Name Last Name Phone Email State Select State Alab
https://www.uagc.edu/success/degree/mba-v5,Phrase,Classes last * weeks,MBA | UAGC Skip to main content + 1 866 347 7781 Get MBA Details Please provide a few details First Name Last Name Phone Email State Select State Alabama Alaska American Samoa Ariz
https://www.uagc.edu/success/degree/ba-liberal-arts-v5,Phrase,Classes last * weeks,Liberal Arts | UAGC Skip to main content + 1 866 347 7781 Get Liberal Arts Details Please provide a few details First Name Last Name Phone Email State Select State Alabama Alaska A
https://www.uagc.edu/success/degree/ma-organizational-management-v5,Phrase,Classes last * weeks,Organizational Management MA | UAGC Skip to main content + 1 866 347 7781 Get Organizational Management Details Please provide a few details First Name Last Name Phone Email State
https://www.uagc.edu/success/degree/bs-health-information-management-v5,Phrase,Classes last * weeks,Health Information Management | UAGC Skip to main content + 1 866 347 7781 Get Health Information Management Details Please provide a few details First Name Last Name Phone Email S
https://www.uagc.edu/success/programs/liberal-arts-v6?page=5,Phrase,Classes last * weeks,Liberal Arts Program | UAGC Skip to main content + 1 866 347 7781 Request More Information Please provide a few details First Name Last Name Phone Email State Select State Alabama
https://www.uagc.edu/success/degree/bs-nursing-v5,Phrase,Classes last * weeks,Nursing | UAGC Skip to main content + 1 866 347 7781 Get Nursing Details Please provide a few details First Name Last Name Phone Email State Select State Alabama Alaska American Sa
https://www.uagc.edu/success/programs/liberal-arts-v6?page=0,Phrase,Classes last * weeks,Liberal Arts Program | UAGC Skip to main content + 1 866 347 7781 Request More Information Please provide a few details First Name Last Name Phone Email State Select State Alabama
https://www.uagc.edu/success/degree/ma-health-care-administration-v5,Phrase,Classes last * weeks,Health Care Administration MA | UAGC Skip to main content + 1 866 347 7781 Get Health Care Administration Details Please provide a few details First Name Last Name Phone Email Stat
https://www.uagc.edu/success/degree/ba-health-care-administration-v5,Phrase,Classes last * weeks,Health Care Administration BA | UAGC Skip to main content + 1 866 347 7781 Get Health Care Administration Details Please provide a few details First Name Last Name Phone Email Stat
https://www.uagc.edu/success/programs/liberal-arts-v6?page=2,Phrase,Classes last * weeks,Liberal Arts Program | UAGC Skip to main content + 1 866 347 7781 Request More Information Please provide a few details First Name Last Name Phone Email State Select State Alabama
https://www.uagc.edu/success/programs/liberal-arts-v6?page=3,Phrase,Classes last * weeks,Liberal Arts Program | UAGC Skip to main content + 1 866 347 7781 Request More Information Please provide a few details First Name Last Name Phone Email State Select State Alabama
https://www.uagc.edu/success/programs/liberal-arts-v6?page=1,Phrase,Classes last * weeks,Liberal Arts Program | UAGC Skip to main content + 1 866 347 7781 Request More Information Please provide a few details First Name Last Name Phone Email State Select State Alabama
https://www.uagc.edu/success/degree/ms-health-information-analytics-v5,Phrase,Classes last * weeks,Health Informatics and Analytics | UAGC Skip to main content + 1 866 347 7781 Get Health Information Analytics Details Please provide a few details First Name Last Name Phone Email
https://www.uagc.edu/success/degree/ba-business-information-system-v5,Phrase,Classes last * weeks,Business Information Systems | UAGC Skip to main content + 1 866 347 7781 Get Business Information System Details Please provide a few details First Name Last Name Phone Email Stat
https://www.uagc.edu/success/degree/bs-computer-software-technology-v5,Phrase,Classes last * weeks,Computer Software Technology | UAGC Skip to main content + 1 866 347 7781 Get Computer Software Technology Details Please provide a few details First Name Last Name Phone Email Sta
https://www.uagc.edu/success/degree/master-public-health-v5,Phrase,Classes last * weeks,Master of Public Health | UAGC Skip to main content + 1 866 347 7781 Get Public Health Details Please provide a few details First Name Last Name Phone Email State Select State Alab
https://www.uagc.edu/success/degree/bs-cyber-data-security-technology-v5,Phrase,Classes last * weeks,Cyber and Data Security Technology | UAGC Skip to main content + 1 866 347 7781 Get Cyber & Data Security Details Please provide a few details First Name Last Name Phone Email Stat
https://www.uagc.edu/success/degree/ms-technology-management-v5,Phrase,Classes last * weeks,Technology Management | UAGC Skip to main content + 1 866 347 7781 Get Technology Management Details Please provide a few details First Name Last Name Phone Email State Select Stat
https://www.uagc.edu/success/degree/ba-homeland-security-emergency-management-v5,Phrase,Classes last * weeks,Homeland Security & Emergency Management | UAGC Skip to main content + 1 866 347 7781 Get Homeland Security Details Please provide a few details First Name Last Name Phone Email St
https://www.uagc.edu/success/degree/master-informational-sciences-management-v5,Phrase,Classes last * weeks,Information Systems Management | UAGC Skip to main content + 1 866 347 7781 Get Informational Sciences Management Details Please provide a few details First Name Last Name Phone Em
https://www.uagc.edu/success/degree/ms-criminal-justice-v5,Phrase,Classes last * weeks,Master of Science in Criminal Justice | UAGC Skip to main content + 1 866 347 7781 Get Criminal Justice Details Please provide a few details First Name Last Name Phone Email State
https://www.uagc.edu/success/degree/bs-informational-technology-v5,Phrase,Classes last * weeks,Information Technology | UAGC Skip to main content + 1 866 347 7781 Request More Information Please provide a few details First Name Last Name Phone Email State Select State Alabam
https://www.uagc.edu/success/degree/ba-early-childhood-development-differentiated-instruction-v5,Phrase,Classes last * weeks,Early Childhood Development with Differentiated Instruction | UAGC Skip to main content + 1 866 347 7781 Get Early Childhood Development Details Please provide a few details First
https://www.uagc.edu/success/degree/aa-early-childhood-education-v5,Phrase,Classes last * weeks,Early Childhood Education AA | UAGC Skip to main content + 1 866 347 7781 Get Early Childhood Education Details Please provide a few details First Name Last Name Phone Email State
https://www.uagc.edu/success/degree/ma-education-v5,Phrase,Classes last * weeks,Master of Arts in Education | UAGC Skip to main content + 1 866 347 7781 Get Education Details Please provide a few details First Name Last Name Phone Email State Select State Alab
https://www.uagc.edu/success/degree/ba-early-childhood-administration-v5,Phrase,Classes last * weeks,Early Childhood Education Administration | UAGC Skip to main content + 1 866 347 7781 Get Early Childhood Administration Details Please provide a few details First Name Last Name P
https://www.uagc.edu/success/degree/ma-special-education-v5,Phrase,Classes last * weeks,Special Education | UAGC Skip to main content + 1 866 347 7781 Get Special Education Details Please provide a few details First Name Last Name Phone Email State Select State Alabam
https://www.uagc.edu/success/degree/ba-instructional-design-v5,Phrase,Classes last * weeks,Instructional Design | UAGC Skip to main content + 1 866 347 7781 Get Instructional Design Details Please provide a few details First Name Last Name Phone Email State Select State
https://www.uagc.edu/success/degree/ba-education-studies-v5,Phrase,Classes last * weeks,Education Studies | UAGC Skip to main content + 1 866 347 7781 Get Education Studies Details Please provide a few details First Name Last Name Phone Email State Select State Alabam
https://www.uagc.edu/success/degree/ms-instructional-design-technology-v5,Phrase,Classes last * weeks,Instructional Design & Technology | UAGC Skip to main content + 1 866 347 7781 Get Instructional Design Details Please provide a few details First Name Last Name Phone Email State
https://www.uagc.edu/success/degree/ma-early-childhood-educational-leadership-v5,Phrase,Classes last * weeks,Early Childhood Education Leadership | UAGC Skip to main content + 1 866 347 7781 Request More Information Please provide a few details First Name Last Name Phone Email State Selec
https://www.uagc.edu/success/programs/liberal-arts-v5?page=0,Phrase,Classes last * weeks,Liberal Arts Program | UAGC Skip to main content + 1 866 347 7781 Request More Information Please provide a few details First Name Last Name Phone Email State Select State Alabama
https://www.uagc.edu/success/programs/liberal-arts-v5?page=1,Phrase,Classes last * weeks,Liberal Arts Program | UAGC Skip to main content + 1 866 347 7781 Request More Information Please provide a few details First Name Last Name Phone Email State Select State Alabama
https://www.uagc.edu/success/programs/liberal-arts-v5?page=2,Phrase,Classes last * weeks,Liberal Arts Program | UAGC Skip to main content + 1 866 347 7781 Request More Information Please provide a few details First Name Last Name Phone Email State Select State Alabama
https://www.uagc.edu/success/programs/liberal-arts-v5?page=3,Phrase,Classes last * weeks,Liberal Arts Program | UAGC Skip to main content + 1 866 347 7781 Request More Information Please provide a few details First Name Last Name Phone Email State Select State Alabama
https://www.uagc.edu/success/programs/liberal-arts-v5?page=5,Phrase,Classes last * weeks,Liberal Arts Program | UAGC Skip to main content + 1 866 347 7781 Request More Information Please provide a few details First Name Last Name Phone Email State Select State Alabama
https://www.uagc.edu/success/programs/liberal-arts-v6?page=4,Phrase,Classes last * weeks,Liberal Arts Program | UAGC Skip to main content + 1 866 347 7781 Request More Information Please provide a few details First Name Last Name Phone Email State Select State Alabama
https://www.uagc.edu/partnerships/corporate/comcast,Phrase,Classes last * weeks,Comcast Employees: Online Degrees at UAGC Skip to main content +1 855 805 6911 Request Information About Our Degrees Please provide a few details First Name Last Name Phone Email S
https://www.uagc.edu/partnerships/corporate/adp,Phrase,Classes last * weeks,ADP Employees: Earn Your Degree Online at UAGC Skip to main content +1 855 805 6911 Request Information About Our Degrees Please provide a few details First Name Last Name Phone Em
https://www.uagc.edu/success/programs/liberal-arts-v5?page=4,Phrase,Classes last * weeks,Liberal Arts Program | UAGC Skip to main content + 1 866 347 7781 Request More Information Please provide a few details First Name Last Name Phone Email State Select State Alabama
https://www.uagc.edu/node?page=95,Phrase,Classes last * weeks,| UAGC Skip to main content Online Degrees Online Degrees All Online Degrees Degrees By Level Degrees By Level Bachelor's Master's Doctoral Associate Degrees By Interest Degrees By
https://www.uagc.edu/node?chat=default&page=95,Phrase,Classes last * weeks,| UAGC Skip to main content Online Degrees Online Degrees All Online Degrees Degrees By Level Degrees By Level Bachelor's Master's Doctoral Associate Degrees By Interest Degrees By
